Test;M;K;N;Type;GFLOPS;Time;Iterations;Correct
GrowK;24;2;24;ARM-CMSIS-DSP;0.414293;3862;694444;1
GrowK;24;2;24;TillJIT;0.746616;2143;694444;1
GrowK;24;2;24;ReferenceCM;0.036380;4398;69444;1
GrowK;24;3;24;ARM-CMSIS-DSP;0.513808;3114;462962;1
GrowK;24;3;24;TillJIT;0.924854;1730;462962;1
GrowK;24;3;24;ReferenceCM;0.047100;3397;46296;1
GrowK;24;4;24;ARM-CMSIS-DSP;0.583728;2741;347222;1
GrowK;24;4;24;TillJIT;0.977994;1636;347222;1
GrowK;24;4;24;ReferenceCM;0.075507;2119;34722;1
GrowK;24;5;24;ARM-CMSIS-DSP;0.635928;2516;277777;1
GrowK;24;5;24;TillJIT;1.060302;1509;277777;1
GrowK;24;5;24;ReferenceCM;0.070297;2276;27777;1
GrowK;24;6;24;ARM-CMSIS-DSP;0.675960;2367;231481;1
GrowK;24;6;24;TillJIT;1.125173;1422;231481;1
GrowK;24;6;24;ReferenceCM;0.072892;2195;23148;1
GrowK;24;7;24;ARM-CMSIS-DSP;0.706399;2265;198412;1
GrowK;24;7;24;TillJIT;1.173877;1363;198412;1
GrowK;24;8;24;ARM-CMSIS-DSP;0.732936;2183;173611;1
GrowK;24;8;24;TillJIT;1.204819;1328;173611;1
GrowK;24;9;24;ARM-CMSIS-DSP;0.754356;2121;154320;1
GrowK;24;9;24;TillJIT;1.240302;1290;154320;1
GrowK;24;10;24;ARM-CMSIS-DSP;0.772569;2071;138888;1
GrowK;24;10;24;TillJIT;1.267821;1262;138888;1
GrowK;24;11;24;ARM-CMSIS-DSP;0.787785;2031;126262;1
GrowK;24;11;24;TillJIT;1.292401;1238;126262;1
GrowK;24;12;24;ARM-CMSIS-DSP;0.801197;1997;115740;1
GrowK;24;12;24;TillJIT;1.313620;1218;115740;1
GrowK;24;13;24;ARM-CMSIS-DSP;0.813417;1967;106837;1
GrowK;24;13;24;TillJIT;1.324496;1208;106837;1
GrowK;24;14;24;ARM-CMSIS-DSP;0.823466;1943;99206;1
GrowK;24;14;24;TillJIT;1.341152;1193;99206;1
GrowK;24;15;24;ARM-CMSIS-DSP;0.832894;1921;92592;1
GrowK;24;15;24;TillJIT;1.355924;1180;92592;1
GrowK;24;16;24;ARM-CMSIS-DSP;0.840772;1903;86805;1
GrowK;24;16;24;TillJIT;1.368682;1169;86805;1
GrowK;24;17;24;ARM-CMSIS-DSP;0.848353;1886;81699;1
GrowK;24;17;24;TillJIT;1.381687;1158;81699;1
GrowK;24;18;24;ARM-CMSIS-DSP;0.855152;1871;77160;1
GrowK;24;18;24;TillJIT;1.386473;1154;77160;1
GrowK;24;19;24;ARM-CMSIS-DSP;0.861136;1858;73099;1
GrowK;24;19;24;TillJIT;1.396153;1146;73099;1
GrowK;24;20;24;ARM-CMSIS-DSP;0.866733;1846;69444;1
GrowK;24;20;24;TillJIT;1.404732;1139;69444;1
GrowK;24;21;24;ARM-CMSIS-DSP;0.871927;1835;66137;1
GrowK;24;21;24;TillJIT;1.414665;1131;66137;1
GrowK;24;22;24;ARM-CMSIS-DSP;0.876708;1825;63131;1
GrowK;24;22;24;TillJIT;1.422215;1125;63131;1
GrowK;24;23;24;ARM-CMSIS-DSP;0.880565;1817;60386;1
GrowK;24;23;24;TillJIT;1.423476;1124;60386;1
GrowK;24;24;24;ARM-CMSIS-DSP;0.883972;1810;57870;1
GrowK;24;24;24;TillJIT;1.431118;1118;57870;1
GrowK;24;25;24;ARM-CMSIS-DSP;0.887893;1802;55555;1
GrowK;24;25;24;TillJIT;1.437542;1113;55555;1
GrowK;24;26;24;ARM-CMSIS-DSP;0.891848;1794;53418;1
GrowK;24;26;24;TillJIT;1.442720;1109;53418;1
GrowK;24;27;24;ARM-CMSIS-DSP;0.894849;1788;51440;1
GrowK;24;27;24;TillJIT;1.447955;1105;51440;1
GrowK;24;28;24;ARM-CMSIS-DSP;0.897864;1782;49603;1
GrowK;24;28;24;TillJIT;1.449270;1104;49603;1
GrowK;24;29;24;ARM-CMSIS-DSP;0.900887;1776;47892;1
GrowK;24;29;24;TillJIT;1.453203;1101;47892;1
GrowK;24;30;24;ARM-CMSIS-DSP;0.903439;1771;46296;1
GrowK;24;30;24;TillJIT;1.459845;1096;46296;1
GrowK;24;31;24;ARM-CMSIS-DSP;0.905985;1766;44802;1
GrowK;24;31;24;TillJIT;1.462495;1094;44802;1
GrowK;24;32;24;ARM-CMSIS-DSP;0.908043;1762;43402;1
GrowK;24;32;24;TillJIT;1.466518;1091;43402;1
GrowK;24;33;24;ARM-CMSIS-DSP;0.910631;1757;42087;1
GrowK;24;33;24;TillJIT;1.467871;1090;42087;1
GrowK;24;34;24;ARM-CMSIS-DSP;0.912186;1754;40849;1
GrowK;24;34;24;TillJIT;1.470564;1088;40849;1
GrowK;24;35;24;ARM-CMSIS-DSP;0.914796;1749;39682;1
GrowK;24;35;24;TillJIT;1.474634;1085;39682;1
GrowK;24;36;24;ARM-CMSIS-DSP;0.916374;1746;38580;1
GrowK;24;36;24;TillJIT;1.478734;1082;38580;1
GrowK;24;37;24;ARM-CMSIS-DSP;0.918471;1742;37537;1
GrowK;24;37;24;TillJIT;1.481460;1080;37537;1
GrowK;24;38;24;ARM-CMSIS-DSP;0.920051;1739;36549;1
GrowK;24;38;24;TillJIT;1.481453;1080;36549;1
GrowK;24;39;24;ARM-CMSIS-DSP;0.921645;1736;35612;1
GrowK;24;39;24;TillJIT;1.484208;1078;35612;1
GrowK;24;40;24;ARM-CMSIS-DSP;0.923249;1733;34722;1
GrowK;24;40;24;TillJIT;1.486979;1076;34722;1
GrowK;24;41;24;ARM-CMSIS-DSP;0.924846;1730;33875;1
GrowK;24;41;24;TillJIT;1.489743;1074;33875;1
GrowK;24;42;24;ARM-CMSIS-DSP;0.925904;1728;33068;1
GrowK;24;42;24;TillJIT;1.492502;1072;33068;1
GrowK;24;43;24;ARM-CMSIS-DSP;0.926978;1726;32299;1
GrowK;24;43;24;TillJIT;1.492503;1072;32299;1
GrowK;24;44;24;ARM-CMSIS-DSP;0.928594;1723;31565;1
GrowK;24;44;24;TillJIT;1.493900;1071;31565;1
GrowK;24;45;24;ARM-CMSIS-DSP;0.929686;1721;30864;1
GrowK;24;45;24;TillJIT;1.496716;1069;30864;1
GrowK;24;46;24;ARM-CMSIS-DSP;0.930766;1719;30193;1
GrowK;24;46;24;TillJIT;1.498116;1068;30193;1
GrowK;24;47;24;ARM-CMSIS-DSP;0.931832;1717;29550;1
GrowK;24;47;24;TillJIT;1.500896;1066;29550;1
GrowK;24;48;24;ARM-CMSIS-DSP;0.933483;1714;28935;1
GrowK;24;48;24;TillJIT;1.499522;1067;28935;1
GrowK;24;49;24;ARM-CMSIS-DSP;0.934012;1713;28344;1
GrowK;24;49;24;TillJIT;1.502312;1065;28344;1
GrowK;24;50;24;ARM-CMSIS-DSP;0.935099;1711;27777;1
GrowK;24;50;24;TillJIT;1.505132;1063;27777;1
GrowK;24;51;24;ARM-CMSIS-DSP;0.936216;1709;27233;1
GrowK;24;51;24;TillJIT;1.505168;1063;27233;1
GrowK;24;52;24;ARM-CMSIS-DSP;0.937303;1707;26709;1
GrowK;24;52;24;TillJIT;1.507989;1061;26709;1
GrowK;24;53;24;ARM-CMSIS-DSP;0.937850;1706;26205;1
GrowK;24;53;24;TillJIT;1.506565;1062;26205;1
GrowK;24;54;24;ARM-CMSIS-DSP;0.938961;1704;25720;1
GrowK;24;54;24;TillJIT;1.509424;1060;25720;1
GrowK;24;55;24;ARM-CMSIS-DSP;0.940051;1702;25252;1
GrowK;24;55;24;TillJIT;1.510828;1059;25252;1
GrowK;24;56;24;ARM-CMSIS-DSP;0.940601;1701;24801;1
GrowK;24;56;24;TillJIT;1.512252;1058;24801;1
GrowK;24;57;24;ARM-CMSIS-DSP;0.941158;1700;24366;1
GrowK;24;57;24;TillJIT;1.512258;1058;24366;1
GrowK;24;58;24;ARM-CMSIS-DSP;0.942271;1698;23946;1
GrowK;24;58;24;TillJIT;1.513695;1057;23946;1
GrowK;24;59;24;ARM-CMSIS-DSP;0.942821;1697;23540;1
GrowK;24;59;24;TillJIT;1.513687;1057;23540;1
GrowK;24;60;24;ARM-CMSIS-DSP;0.943390;1696;23148;1
GrowK;24;60;24;TillJIT;1.515142;1056;23148;1
GrowK;24;61;24;ARM-CMSIS-DSP;0.944482;1694;22768;1
GrowK;24;61;24;TillJIT;1.516543;1055;22768;1
GrowK;24;62;24;ARM-CMSIS-DSP;0.945050;1693;22401;1
GrowK;24;62;24;TillJIT;1.519439;1053;22401;1
GrowK;24;63;24;ARM-CMSIS-DSP;0.945590;1692;22045;1
GrowK;24;63;24;TillJIT;1.517968;1054;22045;1
GrowK;24;64;24;ARM-CMSIS-DSP;0.946169;1691;21701;1
GrowK;24;64;24;TillJIT;1.519441;1053;21701;1
GrowK;24;65;24;ARM-CMSIS-DSP;0.947283;1689;21367;1
GrowK;24;65;24;TillJIT;1.520875;1052;21367;1
GrowK;24;66;24;ARM-CMSIS-DSP;0.947271;1689;21043;1
GrowK;24;66;24;TillJIT;1.522304;1051;21043;1
GrowK;24;67;24;ARM-CMSIS-DSP;0.947836;1688;20729;1
GrowK;24;67;24;TillJIT;1.522309;1051;20729;1
GrowK;24;68;24;ARM-CMSIS-DSP;0.948390;1687;20424;1
GrowK;24;68;24;TillJIT;1.522297;1051;20424;1
GrowK;24;69;24;ARM-CMSIS-DSP;0.948953;1686;20128;1
GrowK;24;69;24;TillJIT;1.523747;1050;20128;1
GrowK;24;70;24;ARM-CMSIS-DSP;0.948979;1686;19841;1
GrowK;24;70;24;TillJIT;1.523789;1050;19841;1
GrowK;24;71;24;ARM-CMSIS-DSP;0.950079;1684;19561;1
GrowK;24;71;24;TillJIT;1.525199;1049;19561;1
GrowK;24;72;24;ARM-CMSIS-DSP;0.950113;1684;19290;1
GrowK;24;72;24;TillJIT;1.526708;1048;19290;1
GrowK;24;73;24;ARM-CMSIS-DSP;0.951205;1682;19025;1
GrowK;24;73;24;TillJIT;1.525192;1049;19025;1
GrowK;24;74;24;ARM-CMSIS-DSP;0.951775;1681;18768;1
GrowK;24;74;24;TillJIT;1.526655;1048;18768;1
GrowK;24;75;24;ARM-CMSIS-DSP;0.951788;1681;18518;1
GrowK;24;75;24;TillJIT;1.528133;1047;18518;1
GrowK;24;76;24;ARM-CMSIS-DSP;0.952336;1680;18274;1
GrowK;24;76;24;TillJIT;1.529565;1046;18274;1
GrowK;24;77;24;ARM-CMSIS-DSP;0.953489;1678;18037;1
GrowK;24;77;24;TillJIT;1.529593;1046;18037;1
GrowK;24;78;24;ARM-CMSIS-DSP;0.952934;1679;17806;1
GrowK;24;78;24;TillJIT;1.529614;1046;17806;1
GrowK;24;79;24;ARM-CMSIS-DSP;0.953469;1678;17580;1
GrowK;24;79;24;TillJIT;1.529561;1046;17580;1
GrowK;24;80;24;ARM-CMSIS-DSP;0.954079;1677;17361;1
GrowK;24;80;24;TillJIT;1.531091;1045;17361;1
GrowK;24;81;24;ARM-CMSIS-DSP;0.954611;1676;17146;1
GrowK;24;81;24;TillJIT;1.532498;1044;17146;1
GrowK;24;82;24;ARM-CMSIS-DSP;0.955186;1675;16937;1
GrowK;24;82;24;TillJIT;1.532506;1044;16937;1
GrowK;24;83;24;ARM-CMSIS-DSP;0.955190;1675;16733;1
GrowK;24;83;24;TillJIT;1.532512;1044;16733;1
GrowK;24;84;24;ARM-CMSIS-DSP;0.955201;1675;16534;1
GrowK;24;84;24;TillJIT;1.532531;1044;16534;1
GrowK;24;85;24;ARM-CMSIS-DSP;0.955744;1674;16339;1
GrowK;24;85;24;TillJIT;1.533955;1043;16339;1
GrowK;24;86;24;ARM-CMSIS-DSP;0.956314;1673;16149;1
GrowK;24;86;24;TillJIT;1.533954;1043;16149;1
GrowK;24;87;24;ARM-CMSIS-DSP;0.956923;1672;15964;1
GrowK;24;87;24;TillJIT;1.535485;1042;15964;1
GrowK;24;88;24;ARM-CMSIS-DSP;0.956888;1672;15782;1
GrowK;24;88;24;TillJIT;1.533956;1043;15782;1
GrowK;24;89;24;ARM-CMSIS-DSP;0.957480;1671;15605;1
GrowK;24;89;24;TillJIT;1.535460;1042;15605;1
GrowK;24;90;24;ARM-CMSIS-DSP;0.957504;1671;15432;1
GrowK;24;90;24;TillJIT;1.536974;1041;15432;1
GrowK;24;91;24;ARM-CMSIS-DSP;0.958625;1669;15262;1
GrowK;24;91;24;TillJIT;1.536932;1041;15262;1
GrowK;24;92;24;ARM-CMSIS-DSP;0.958045;1670;15096;1
GrowK;24;92;24;TillJIT;1.538399;1040;15096;1
GrowK;24;93;24;ARM-CMSIS-DSP;0.958639;1669;14934;1
GrowK;24;93;24;TillJIT;1.536954;1041;14934;1
GrowK;24;94;24;ARM-CMSIS-DSP;0.958631;1669;14775;1
GrowK;24;94;24;TillJIT;1.538419;1040;14775;1
GrowK;24;95;24;ARM-CMSIS-DSP;0.959175;1668;14619;1
GrowK;24;95;24;TillJIT;1.538369;1040;14619;1
GrowK;24;96;24;ARM-CMSIS-DSP;0.959769;1667;14467;1
GrowK;24;96;24;TillJIT;1.538399;1040;14467;1
GrowK;24;97;24;ARM-CMSIS-DSP;0.959778;1667;14318;1
GrowK;24;97;24;TillJIT;1.539895;1039;14318;1
GrowK;24;98;24;ARM-CMSIS-DSP;0.959785;1667;14172;1
GrowK;24;98;24;TillJIT;1.539906;1039;14172;1
GrowK;24;99;24;ARM-CMSIS-DSP;0.960372;1666;14029;1
GrowK;24;99;24;TillJIT;1.538442;1040;14029;1
GrowK;24;100;24;ARM-CMSIS-DSP;0.960899;1665;13888;1
GrowK;24;100;24;TillJIT;1.539844;1039;13888;1
GrowK;24;101;24;ARM-CMSIS-DSP;0.960935;1665;13751;1
GrowK;24;101;24;TillJIT;1.539900;1039;13751;1
GrowK;24;102;24;ARM-CMSIS-DSP;0.961499;1664;13616;1
GrowK;24;102;24;TillJIT;1.541363;1038;13616;1
GrowK;24;103;24;ARM-CMSIS-DSP;0.960935;1665;13484;1
GrowK;24;103;24;TillJIT;1.541385;1038;13484;1
GrowK;24;104;24;ARM-CMSIS-DSP;0.961488;1664;13354;1
GrowK;24;104;24;TillJIT;1.541345;1038;13354;1
GrowK;24;105;24;ARM-CMSIS-DSP;0.962079;1663;13227;1
GrowK;24;105;24;TillJIT;1.541366;1038;13227;1
GrowK;24;106;24;ARM-CMSIS-DSP;0.962063;1663;13102;1
GrowK;24;106;24;TillJIT;1.542827;1037;13102;1
GrowK;24;107;24;ARM-CMSIS-DSP;0.962097;1663;12980;1
GrowK;24;107;24;TillJIT;1.542880;1037;12980;1
GrowK;24;108;24;ARM-CMSIS-DSP;0.962689;1662;12860;1
GrowK;24;108;24;TillJIT;1.542902;1037;12860;1
GrowK;24;109;24;ARM-CMSIS-DSP;0.962688;1662;12742;1
GrowK;24;109;24;TillJIT;1.542900;1037;12742;1
GrowK;24;110;24;ARM-CMSIS-DSP;0.962676;1662;12626;1
GrowK;24;110;24;TillJIT;1.544369;1036;12626;1
GrowK;24;111;24;ARM-CMSIS-DSP;0.962656;1662;12512;1
GrowK;24;111;24;TillJIT;1.544338;1036;12512;1
GrowK;24;112;24;ARM-CMSIS-DSP;0.963213;1661;12400;1
GrowK;24;112;24;TillJIT;1.544303;1036;12400;1
GrowK;24;113;24;ARM-CMSIS-DSP;0.963851;1660;12291;1
GrowK;24;113;24;TillJIT;1.544395;1036;12291;1
GrowK;24;114;24;ARM-CMSIS-DSP;0.963837;1660;12183;1
GrowK;24;114;24;TillJIT;1.544372;1036;12183;1
GrowK;24;115;24;ARM-CMSIS-DSP;0.964413;1659;12077;1
GrowK;24;115;24;TillJIT;1.544364;1036;12077;1
GrowK;24;116;24;ARM-CMSIS-DSP;0.964422;1659;11973;1
GrowK;24;116;24;TillJIT;1.544378;1036;11973;1
GrowK;24;117;24;ARM-CMSIS-DSP;0.964368;1659;11870;1
GrowK;24;117;24;TillJIT;1.545784;1035;11870;1
GrowK;24;118;24;ARM-CMSIS-DSP;0.964416;1659;11770;1
GrowK;24;118;24;TillJIT;1.545862;1035;11770;1
GrowK;24;119;24;ARM-CMSIS-DSP;0.964409;1659;11671;1
GrowK;24;119;24;TillJIT;1.545849;1035;11671;1
GrowK;24;120;24;ARM-CMSIS-DSP;0.965012;1658;11574;1
GrowK;24;120;24;TillJIT;1.545884;1035;11574;1
GrowK;24;121;24;ARM-CMSIS-DSP;0.964983;1658;11478;1
GrowK;24;121;24;TillJIT;1.547332;1034;11478;1
GrowK;24;122;24;ARM-CMSIS-DSP;0.964990;1658;11384;1
GrowK;24;122;24;TillJIT;1.547343;1034;11384;1
GrowK;24;123;24;ARM-CMSIS-DSP;0.965534;1657;11291;1
GrowK;24;123;24;TillJIT;1.547282;1034;11291;1
GrowK;24;124;24;ARM-CMSIS-DSP;0.965539;1657;11200;1
GrowK;24;124;24;TillJIT;1.547290;1034;11200;1
GrowK;24;125;24;ARM-CMSIS-DSP;0.966174;1656;11111;1
GrowK;24;125;24;TillJIT;1.547373;1034;11111;1
GrowK;24;126;24;ARM-CMSIS-DSP;0.966102;1656;11022;1
GrowK;24;126;24;TillJIT;1.547258;1034;11022;1
GrowK;24;127;24;ARM-CMSIS-DSP;0.965589;1657;10936;1
GrowK;24;127;24;TillJIT;1.548868;1033;10936;1
GrowK;24;128;24;ARM-CMSIS-DSP;0.966122;1656;10850;1
GrowK;24;128;24;TillJIT;1.547290;1034;10850;1
GrowK;24;129;24;ARM-CMSIS-DSP;0.966131;1656;10766;1
GrowK;24;129;24;TillJIT;1.548803;1033;10766;1
GrowK;24;130;24;ARM-CMSIS-DSP;0.966115;1656;10683;1
GrowK;24;130;24;TillJIT;1.548776;1033;10683;1
GrowK;24;131;24;ARM-CMSIS-DSP;0.966749;1655;10602;1
GrowK;24;131;24;TillJIT;1.548857;1033;10602;1
GrowK;24;132;24;ARM-CMSIS-DSP;0.966686;1655;10521;1
GrowK;24;132;24;TillJIT;1.548756;1033;10521;1
GrowK;24;133;24;ARM-CMSIS-DSP;0.967280;1654;10442;1
GrowK;24;133;24;TillJIT;1.548772;1033;10442;1
GrowK;24;134;24;ARM-CMSIS-DSP;0.967273;1654;10364;1
GrowK;24;134;24;TillJIT;1.548761;1033;10364;1
GrowK;24;135;24;ARM-CMSIS-DSP;0.966761;1655;10288;1
GrowK;24;135;24;TillJIT;1.550378;1032;10288;1
GrowK;24;136;24;ARM-CMSIS-DSP;0.966728;1655;10212;1
GrowK;24;136;24;TillJIT;1.548823;1033;10212;1
GrowK;24;137;24;ARM-CMSIS-DSP;0.967268;1654;10137;1
GrowK;24;137;24;TillJIT;1.550254;1032;10137;1
GrowK;24;138;24;ARM-CMSIS-DSP;0.967312;1654;10064;1
GrowK;24;138;24;TillJIT;1.550324;1032;10064;1
GrowK;24;139;24;ARM-CMSIS-DSP;0.967936;1653;9992;1
GrowK;24;139;24;TillJIT;1.550387;1032;9992;1
GrowK;24;140;24;ARM-CMSIS-DSP;0.967875;1653;9920;1
GrowK;24;140;24;TillJIT;1.550288;1032;9920;1
GrowK;24;141;24;ARM-CMSIS-DSP;0.967910;1653;9850;1
GrowK;24;141;24;TillJIT;1.551848;1031;9850;1
GrowK;24;142;24;ARM-CMSIS-DSP;0.968433;1652;9780;1
GrowK;24;142;24;TillJIT;1.551747;1031;9780;1
GrowK;24;143;24;ARM-CMSIS-DSP;0.968472;1652;9712;1
GrowK;24;143;24;TillJIT;1.550306;1032;9712;1
GrowK;24;144;24;ARM-CMSIS-DSP;0.967931;1653;9645;1
GrowK;24;144;24;TillJIT;1.550378;1032;9645;1
GrowK;24;145;24;ARM-CMSIS-DSP;0.968468;1652;9578;1
GrowK;24;145;24;TillJIT;1.550300;1032;9578;1
GrowK;24;146;24;ARM-CMSIS-DSP;0.969014;1651;9512;1
GrowK;24;146;24;TillJIT;1.551738;1031;9512;1
GrowK;24;147;24;ARM-CMSIS-DSP;0.969087;1651;9448;1
GrowK;24;147;24;TillJIT;1.551855;1031;9448;1
GrowK;24;148;24;ARM-CMSIS-DSP;0.968483;1652;9384;1
GrowK;24;148;24;TillJIT;1.551828;1031;9384;1
GrowK;24;149;24;ARM-CMSIS-DSP;0.969068;1651;9321;1
GrowK;24;149;24;TillJIT;1.553331;1030;9321;1
GrowK;24;150;24;ARM-CMSIS-DSP;0.969082;1651;9259;1
GrowK;24;150;24;TillJIT;1.553355;1030;9259;1
GrowK;24;151;24;ARM-CMSIS-DSP;0.969598;1650;9197;1
GrowK;24;151;24;TillJIT;1.551733;1031;9197;1
GrowK;24;152;24;ARM-CMSIS-DSP;0.969652;1650;9137;1
GrowK;24;152;24;TillJIT;1.553326;1030;9137;1
GrowK;24;153;24;ARM-CMSIS-DSP;0.969622;1650;9077;1
GrowK;24;153;24;TillJIT;1.553277;1030;9077;1
GrowK;24;154;24;ARM-CMSIS-DSP;0.969028;1651;9018;1
GrowK;24;154;24;TillJIT;1.553267;1030;9018;1
GrowK;24;155;24;ARM-CMSIS-DSP;0.970223;1649;8960;1
GrowK;24;155;24;TillJIT;1.553299;1030;8960;1
GrowK;24;156;24;ARM-CMSIS-DSP;0.969682;1650;8903;1
GrowK;24;156;24;TillJIT;1.553375;1030;8903;1
GrowK;24;157;24;ARM-CMSIS-DSP;0.969650;1650;8846;1
GrowK;24;157;24;TillJIT;1.553323;1030;8846;1
GrowK;24;158;24;ARM-CMSIS-DSP;0.970237;1649;8790;1
GrowK;24;158;24;TillJIT;1.553321;1030;8790;1
GrowK;24;159;24;ARM-CMSIS-DSP;0.970268;1649;8735;1
GrowK;24;159;24;TillJIT;1.553371;1030;8735;1
GrowK;24;160;24;ARM-CMSIS-DSP;0.970812;1648;8680;1
GrowK;24;160;24;TillJIT;1.554808;1029;8680;1
GrowK;24;161;24;ARM-CMSIS-DSP;0.970213;1649;8626;1
GrowK;24;161;24;TillJIT;1.553283;1030;8626;1
GrowK;24;162;24;ARM-CMSIS-DSP;0.970241;1649;8573;1
GrowK;24;162;24;TillJIT;1.554837;1029;8573;1
GrowK;24;163;24;ARM-CMSIS-DSP;0.970195;1649;8520;1
GrowK;24;163;24;TillJIT;1.553254;1030;8520;1
GrowK;24;164;24;ARM-CMSIS-DSP;0.970778;1648;8468;1
GrowK;24;164;24;TillJIT;1.553245;1030;8468;1
GrowK;24;165;24;ARM-CMSIS-DSP;0.970815;1648;8417;1
GrowK;24;165;24;TillJIT;1.554814;1029;8417;1
GrowK;24;166;24;ARM-CMSIS-DSP;0.970781;1648;8366;1
GrowK;24;166;24;TillJIT;1.554759;1029;8366;1
GrowK;24;167;24;ARM-CMSIS-DSP;0.970792;1648;8316;1
GrowK;24;167;24;TillJIT;1.554777;1029;8316;1
GrowK;24;168;24;ARM-CMSIS-DSP;0.970851;1648;8267;1
GrowK;24;168;24;TillJIT;1.553361;1030;8267;1
GrowK;24;169;24;ARM-CMSIS-DSP;0.971430;1647;8218;1
GrowK;24;169;24;TillJIT;1.554855;1029;8218;1
GrowK;24;170;24;ARM-CMSIS-DSP;0.971352;1647;8169;1
GrowK;24;170;24;TillJIT;1.554730;1029;8169;1
GrowK;24;171;24;ARM-CMSIS-DSP;0.971444;1647;8122;1
GrowK;24;171;24;TillJIT;1.556390;1028;8122;1
GrowK;24;172;24;ARM-CMSIS-DSP;0.971351;1647;8074;1
GrowK;24;172;24;TillJIT;1.556240;1028;8074;1
GrowK;24;173;24;ARM-CMSIS-DSP;0.971432;1647;8028;1
GrowK;24;173;24;TillJIT;1.556370;1028;8028;1
GrowK;24;174;24;ARM-CMSIS-DSP;0.971449;1647;7982;1
GrowK;24;174;24;TillJIT;1.554884;1029;7982;1
GrowK;24;175;24;ARM-CMSIS-DSP;0.971401;1647;7936;1
GrowK;24;175;24;TillJIT;1.556321;1028;7936;1
GrowK;24;176;24;ARM-CMSIS-DSP;0.971412;1647;7891;1
GrowK;24;176;24;TillJIT;1.556339;1028;7891;1
GrowK;24;177;24;ARM-CMSIS-DSP;0.971951;1646;7846;1
GrowK;24;177;24;TillJIT;1.556256;1028;7846;1
GrowK;24;178;24;ARM-CMSIS-DSP;0.971960;1646;7802;1
GrowK;24;178;24;TillJIT;1.554759;1029;7802;1
GrowK;24;179;24;ARM-CMSIS-DSP;0.972034;1646;7759;1
GrowK;24;179;24;TillJIT;1.556389;1028;7759;1
GrowK;24;180;24;ARM-CMSIS-DSP;0.972638;1645;7716;1
GrowK;24;180;24;TillJIT;1.556410;1028;7716;1
GrowK;24;181;24;ARM-CMSIS-DSP;0.972591;1645;7673;1
GrowK;24;181;24;TillJIT;1.557851;1027;7673;1
GrowK;24;182;24;ARM-CMSIS-DSP;0.972612;1645;7631;1
GrowK;24;182;24;TillJIT;1.557883;1027;7631;1
GrowK;24;183;24;ARM-CMSIS-DSP;0.973165;1644;7589;1
GrowK;24;183;24;TillJIT;1.556306;1028;7589;1
GrowK;24;184;24;ARM-CMSIS-DSP;0.972605;1645;7548;1
GrowK;24;184;24;TillJIT;1.556356;1028;7548;1
GrowK;24;185;24;ARM-CMSIS-DSP;0.972579;1645;7507;1
GrowK;24;185;24;TillJIT;1.557830;1027;7507;1
GrowK;24;186;24;ARM-CMSIS-DSP;0.973217;1644;7467;1
GrowK;24;186;24;TillJIT;1.557906;1027;7467;1
GrowK;24;187;24;ARM-CMSIS-DSP;0.972616;1645;7427;1
GrowK;24;187;24;TillJIT;1.556376;1028;7427;1
GrowK;24;188;24;ARM-CMSIS-DSP;0.973143;1644;7387;1
GrowK;24;188;24;TillJIT;1.557787;1027;7387;1
GrowK;24;189;24;ARM-CMSIS-DSP;0.972563;1645;7348;1
GrowK;24;189;24;TillJIT;1.557805;1027;7348;1
GrowK;24;190;24;ARM-CMSIS-DSP;0.973111;1644;7309;1
GrowK;24;190;24;TillJIT;1.556220;1028;7309;1
GrowK;24;191;24;ARM-CMSIS-DSP;0.973146;1644;7271;1
GrowK;24;191;24;TillJIT;1.559311;1026;7271;1
GrowK;24;192;24;ARM-CMSIS-DSP;0.973721;1643;7233;1
GrowK;24;192;24;TillJIT;1.557764;1027;7233;1
GrowK;24;193;24;ARM-CMSIS-DSP;0.973193;1644;7196;1
GrowK;24;193;24;TillJIT;1.557868;1027;7196;1
GrowK;24;194;24;ARM-CMSIS-DSP;0.973206;1644;7159;1
GrowK;24;194;24;TillJIT;1.557888;1027;7159;1
GrowK;24;195;24;ARM-CMSIS-DSP;0.973167;1644;7122;1
GrowK;24;195;24;TillJIT;1.557825;1027;7122;1
GrowK;24;196;24;ARM-CMSIS-DSP;0.973213;1644;7086;1
GrowK;24;196;24;TillJIT;1.559417;1026;7086;1
GrowK;24;197;24;ARM-CMSIS-DSP;0.973209;1644;7050;1
GrowK;24;197;24;TillJIT;1.559410;1026;7050;1
GrowK;24;198;24;ARM-CMSIS-DSP;0.973154;1644;7014;1
GrowK;24;198;24;TillJIT;1.557805;1027;7014;1
GrowK;24;199;24;ARM-CMSIS-DSP;0.973781;1643;6979;1
GrowK;24;199;24;TillJIT;1.557860;1027;6979;1
GrowK;24;200;24;ARM-CMSIS-DSP;0.973766;1643;6944;1
GrowK;24;200;24;TillJIT;1.559354;1026;6944;1
GrowK;24;201;24;ARM-CMSIS-DSP;0.973702;1643;6909;1
GrowK;24;201;24;TillJIT;1.559252;1026;6909;1
GrowK;24;202;24;ARM-CMSIS-DSP;0.973731;1643;6875;1
GrowK;24;202;24;TillJIT;1.559298;1026;6875;1
GrowK;24;203;24;ARM-CMSIS-DSP;0.973712;1643;6841;1
GrowK;24;203;24;TillJIT;1.559268;1026;6841;1
GrowK;24;204;24;ARM-CMSIS-DSP;0.973788;1643;6808;1
GrowK;24;204;24;TillJIT;1.557872;1027;6808;1
GrowK;24;205;24;ARM-CMSIS-DSP;0.973819;1643;6775;1
GrowK;24;205;24;TillJIT;1.559439;1026;6775;1
GrowK;24;206;24;ARM-CMSIS-DSP;0.973802;1643;6742;1
GrowK;24;206;24;TillJIT;1.559413;1026;6742;1
GrowK;24;207;24;ARM-CMSIS-DSP;0.974333;1642;6709;1
GrowK;24;207;24;TillJIT;1.559313;1026;6709;1
GrowK;24;208;24;ARM-CMSIS-DSP;0.974370;1642;6677;1
GrowK;24;208;24;TillJIT;1.559372;1026;6677;1
GrowK;24;209;24;ARM-CMSIS-DSP;0.973770;1643;6645;1
GrowK;24;209;24;TillJIT;1.559360;1026;6645;1
GrowK;24;210;24;ARM-CMSIS-DSP;0.974904;1641;6613;1
GrowK;24;210;24;TillJIT;1.559276;1026;6613;1
GrowK;24;211;24;ARM-CMSIS-DSP;0.974361;1642;6582;1
GrowK;24;211;24;TillJIT;1.560878;1025;6582;1
GrowK;24;212;24;ARM-CMSIS-DSP;0.974368;1642;6551;1
GrowK;24;212;24;TillJIT;1.559368;1026;6551;1
GrowK;24;213;24;ARM-CMSIS-DSP;0.974331;1642;6520;1
GrowK;24;213;24;TillJIT;1.559309;1026;6520;1
GrowK;24;214;24;ARM-CMSIS-DSP;0.974401;1642;6490;1
GrowK;24;214;24;TillJIT;1.559422;1026;6490;1
GrowK;24;215;24;ARM-CMSIS-DSP;0.974872;1641;6459;1
GrowK;24;215;24;TillJIT;1.560746;1025;6459;1
GrowK;24;216;24;ARM-CMSIS-DSP;0.974415;1642;6430;1
GrowK;24;216;24;TillJIT;1.560966;1025;6430;1
GrowK;24;217;24;ARM-CMSIS-DSP;0.974953;1641;6400;1
GrowK;24;217;24;TillJIT;1.560876;1025;6400;1
GrowK;24;218;24;ARM-CMSIS-DSP;0.975008;1641;6371;1
GrowK;24;218;24;TillJIT;1.559442;1026;6371;1
GrowK;24;219;24;ARM-CMSIS-DSP;0.974868;1641;6341;1
GrowK;24;219;24;TillJIT;1.560740;1025;6341;1
GrowK;24;220;24;ARM-CMSIS-DSP;0.974995;1641;6313;1
GrowK;24;220;24;TillJIT;1.559422;1026;6313;1
GrowK;24;221;24;ARM-CMSIS-DSP;0.974928;1641;6284;1
GrowK;24;221;24;TillJIT;1.562359;1024;6284;1
GrowK;24;222;24;ARM-CMSIS-DSP;0.974975;1641;6256;1
GrowK;24;222;24;TillJIT;1.560912;1025;6256;1
GrowK;24;223;24;ARM-CMSIS-DSP;0.975578;1640;6228;1
GrowK;24;223;24;TillJIT;1.559404;1026;6228;1
GrowK;24;224;24;ARM-CMSIS-DSP;0.974953;1641;6200;1
GrowK;24;224;24;TillJIT;1.559354;1026;6200;1
GrowK;24;225;24;ARM-CMSIS-DSP;0.975477;1640;6172;1
GrowK;24;225;24;TillJIT;1.560763;1025;6172;1
GrowK;24;226;24;ARM-CMSIS-DSP;0.974932;1641;6145;1
GrowK;24;226;24;TillJIT;1.560842;1025;6145;1
GrowK;24;227;24;ARM-CMSIS-DSP;0.975537;1640;6118;1
GrowK;24;227;24;TillJIT;1.560860;1025;6118;1
GrowK;24;228;24;ARM-CMSIS-DSP;0.975511;1640;6091;1
GrowK;24;228;24;TillJIT;1.560817;1025;6091;1
GrowK;24;229;24;ARM-CMSIS-DSP;0.975607;1640;6065;1
GrowK;24;229;24;TillJIT;1.560971;1025;6065;1
GrowK;24;230;24;ARM-CMSIS-DSP;0.974911;1641;6038;1
GrowK;24;230;24;TillJIT;1.560808;1025;6038;1
GrowK;24;231;24;ARM-CMSIS-DSP;0.976123;1639;6012;1
GrowK;24;231;24;TillJIT;1.560844;1025;6012;1
GrowK;24;232;24;ARM-CMSIS-DSP;0.975514;1640;5986;1
GrowK;24;232;24;TillJIT;1.560822;1025;5986;1
GrowK;24;233;24;ARM-CMSIS-DSP;0.976058;1639;5960;1
GrowK;24;233;24;TillJIT;1.560741;1025;5960;1
GrowK;24;234;24;ARM-CMSIS-DSP;0.975540;1640;5935;1
GrowK;24;234;24;TillJIT;1.560865;1025;5935;1
GrowK;24;235;24;ARM-CMSIS-DSP;0.976178;1639;5910;1
GrowK;24;235;24;TillJIT;1.560932;1025;5910;1
GrowK;24;236;24;ARM-CMSIS-DSP;0.975589;1640;5885;1
GrowK;24;236;24;TillJIT;1.560943;1025;5885;1
GrowK;24;237;24;ARM-CMSIS-DSP;0.976157;1639;5860;1
GrowK;24;237;24;TillJIT;1.560898;1025;5860;1
GrowK;24;238;24;ARM-CMSIS-DSP;0.976093;1639;5835;1
GrowK;24;238;24;TillJIT;1.562321;1024;5835;1
GrowK;24;239;24;ARM-CMSIS-DSP;0.975568;1640;5811;1
GrowK;24;239;24;TillJIT;1.562433;1024;5811;1
GrowK;24;7;24;ReferenceCM;0.076550;209;1984;1
GrowK;24;8;24;ReferenceCM;0.107376;149;1736;1
GrowK;24;9;24;ReferenceCM;0.097548;164;1543;1
GrowK;24;10;24;ReferenceCM;0.096324;166;1388;1
GrowK;24;11;24;ReferenceCM;0.097513;164;1262;1
GrowK;24;12;24;ReferenceCM;0.126939;126;1157;1
GrowK;24;13;24;ReferenceCM;0.115901;138;1068;1
GrowK;24;14;24;ReferenceCM;0.113468;141;992;1
GrowK;24;15;24;ReferenceCM;0.113362;141;925;1
GrowK;24;16;24;ReferenceCM;0.139122;115;868;1
GrowK;24;17;24;ReferenceCM;0.127844;125;816;1
GrowK;24;18;24;ReferenceCM;0.124902;128;771;1
GrowK;24;19;24;ReferenceCM;0.123862;129;730;1
GrowK;24;20;24;ReferenceCM;0.149437;107;694;1
GrowK;24;21;24;ReferenceCM;0.137853;116;661;1
GrowK;24;22;24;ReferenceCM;0.134387;119;631;1
GrowK;24;23;24;ReferenceCM;0.133142;120;603;1
GrowK;24;24;24;ReferenceCM;0.155151;103;578;1
GrowK;24;25;24;ReferenceCM;0.144000;111;555;1
GrowK;24;26;24;ReferenceCM;0.141543;113;534;1
GrowK;24;27;24;ReferenceCM;0.140241;114;514;1
GrowK;24;28;24;ReferenceCM;0.159990;100;496;1
GrowK;24;29;24;ReferenceCM;0.150651;106;478;1
GrowK;24;30;24;ReferenceCM;0.147840;108;462;1
GrowK;24;31;24;ReferenceCM;0.145445;110;448;1
GrowK;24;32;24;ReferenceCM;0.164938;97;434;1
GrowK;24;33;24;ReferenceCM;0.155017;103;420;1
GrowK;24;34;24;ReferenceCM;0.152196;105;408;1
GrowK;24;35;24;ReferenceCM;0.150629;106;396;1
GrowK;24;36;24;ReferenceCM;0.168071;95;385;1
GrowK;24;37;24;ReferenceCM;0.158257;101;375;1
GrowK;24;38;24;ReferenceCM;0.155129;103;365;1
GrowK;24;39;24;ReferenceCM;0.153792;104;356;1
GrowK;24;40;24;ReferenceCM;0.170104;94;347;1
GrowK;24;41;24;ReferenceCM;0.161257;99;338;1
GrowK;24;42;24;ReferenceCM;0.158086;101;330;1
GrowK;24;43;24;ReferenceCM;0.156378;102;322;1
GrowK;24;44;24;ReferenceCM;0.173551;92;315;1
GrowK;24;45;24;ReferenceCM;0.164605;97;308;1
GrowK;24;46;24;ReferenceCM;0.162761;98;301;1
GrowK;24;47;24;ReferenceCM;0.159725;100;295;1
GrowK;24;48;24;ReferenceCM;0.173702;92;289;1
GrowK;24;49;24;ReferenceCM;0.168156;95;283;1
GrowK;24;50;24;ReferenceCM;0.164487;97;277;1
GrowK;24;51;24;ReferenceCM;0.163067;98;272;1
GrowK;24;52;24;ReferenceCM;0.175762;91;267;1
GrowK;24;53;24;ReferenceCM;0.170177;94;262;1
GrowK;24;54;24;ReferenceCM;0.166536;96;257;1
GrowK;24;55;24;ReferenceCM;0.164605;97;252;1
GrowK;24;56;24;ReferenceCM;0.177766;90;248;1
GrowK;24;57;24;ReferenceCM;0.169748;94;243;1
GrowK;24;58;24;ReferenceCM;0.168095;95;239;1
GrowK;24;59;24;ReferenceCM;0.168131;95;235;1
GrowK;24;60;24;ReferenceCM;0.179401;89;231;1
GrowK;24;61;24;ReferenceCM;0.173389;92;227;1
GrowK;24;62;24;ReferenceCM;0.170202;94;224;1
GrowK;24;63;24;ReferenceCM;0.168071;95;220;1
GrowK;24;64;24;ReferenceCM;0.179764;89;217;1
GrowK;24;65;24;ReferenceCM;0.173363;92;213;1
GrowK;24;66;24;ReferenceCM;0.171685;93;210;1
GrowK;24;67;24;ReferenceCM;0.169969;94;207;1
GrowK;24;68;24;ReferenceCM;0.181597;88;204;1
GrowK;24;69;24;ReferenceCM;0.175572;91;201;1
GrowK;24;70;24;ReferenceCM;0.173551;92;198;1
GrowK;24;71;24;ReferenceCM;0.171499;93;195;1
GrowK;24;72;24;ReferenceCM;0.180969;88;192;1
GrowK;24;73;24;ReferenceCM;0.175585;91;190;1
GrowK;24;74;24;ReferenceCM;0.173276;92;187;1
GrowK;24;75;24;ReferenceCM;0.173739;92;185;1
GrowK;24;76;24;ReferenceCM;0.183155;87;182;1
GrowK;24;77;24;ReferenceCM;0.177408;90;180;1
GrowK;24;78;24;ReferenceCM;0.173852;92;178;1
GrowK;24;79;24;ReferenceCM;0.175015;91;175;1
GrowK;24;80;24;ReferenceCM;0.183261;87;173;1
GrowK;24;81;24;ReferenceCM;0.179285;89;171;1
GrowK;24;82;24;ReferenceCM;0.175433;91;169;1
GrowK;24;83;24;ReferenceCM;0.175471;91;167;1
GrowK;24;84;24;ReferenceCM;0.183526;87;165;1
GrowK;24;85;24;ReferenceCM;0.179337;89;163;1
GrowK;24;86;24;ReferenceCM;0.177229;90;161;1
GrowK;24;87;24;ReferenceCM;0.177062;90;159;1
GrowK;24;88;24;ReferenceCM;0.185070;86;157;1
GrowK;24;89;24;ReferenceCM;0.179712;89;156;1
GrowK;24;90;24;ReferenceCM;0.177408;90;154;1
GrowK;24;91;24;ReferenceCM;0.177050;90;152;1
GrowK;24;92;24;ReferenceCM;0.187031;85;150;1
GrowK;24;93;24;ReferenceCM;0.181401;88;149;1
GrowK;24;94;24;ReferenceCM;0.180890;88;147;1
GrowK;24;95;24;ReferenceCM;0.179531;89;146;1
GrowK;24;96;24;ReferenceCM;0.187356;85;144;1
GrowK;24;97;24;ReferenceCM;0.181584;88;143;1
GrowK;24;98;24;ReferenceCM;0.180890;88;141;1
GrowK;24;99;24;ReferenceCM;0.177408;90;140;1
GrowK;24;100;24;ReferenceCM;0.187031;85;138;1
GrowK;24;101;24;ReferenceCM;0.181139;88;137;1
GrowK;24;102;24;ReferenceCM;0.179557;89;136;1
GrowK;24;103;24;ReferenceCM;0.180681;88;134;1
GrowK;24;104;24;ReferenceCM;0.187464;85;133;1
GrowK;24;105;24;ReferenceCM;0.183526;87;132;1
GrowK;24;106;24;ReferenceCM;0.181780;88;131;1
GrowK;24;107;24;ReferenceCM;0.180694;88;129;1
GrowK;24;108;24;ReferenceCM;0.187356;85;128;1
GrowK;24;109;24;ReferenceCM;0.183300;87;127;1
GrowK;24;110;24;ReferenceCM;0.181440;88;126;1
GrowK;24;111;24;ReferenceCM;0.181636;88;125;1
GrowK;24;112;24;ReferenceCM;0.188223;85;124;1
GrowK;24;113;24;ReferenceCM;0.182546;87;122;1
GrowK;24;114;24;ReferenceCM;0.182652;87;121;1
GrowK;24;115;24;ReferenceCM;0.180655;88;120;1
GrowK;24;116;24;ReferenceCM;0.189312;84;119;1
GrowK;24;117;24;ReferenceCM;0.184936;86;118;1
GrowK;24;118;24;ReferenceCM;0.182810;87;117;1
GrowK;24;119;24;ReferenceCM;0.180707;88;116;1
GrowK;24;120;24;ReferenceCM;0.189257;84;115;1
GrowK;24;121;24;ReferenceCM;0.186949;85;114;1
GrowK;24;122;24;ReferenceCM;0.182546;87;113;1
GrowK;24;123;24;ReferenceCM;0.182413;87;112;1
GrowK;24;124;24;ReferenceCM;0.188223;85;112;1
GrowK;24;125;24;ReferenceCM;0.185860;86;111;1
GrowK;24;126;24;ReferenceCM;0.183526;87;110;1
GrowK;24;127;24;ReferenceCM;0.183300;87;109;1
GrowK;24;128;24;ReferenceCM;0.189586;84;108;1
GrowK;24;129;24;ReferenceCM;0.187071;85;107;1
GrowK;24;130;24;ReferenceCM;0.184588;86;106;1
GrowK;24;131;24;ReferenceCM;0.183870;87;106;1
GrowK;24;132;24;ReferenceCM;0.190080;84;105;1
GrowK;24;133;24;ReferenceCM;0.185284;86;104;1
GrowK;24;134;24;ReferenceCM;0.184883;86;103;1
GrowK;24;135;24;ReferenceCM;0.184454;86;102;1
GrowK;24;136;24;ReferenceCM;0.190245;84;102;1
GrowK;24;137;24;ReferenceCM;0.187532;85;101;1
GrowK;24;138;24;ReferenceCM;0.187031;85;100;1
GrowK;24;139;24;ReferenceCM;0.184333;86;99;1
GrowK;24;140;24;ReferenceCM;0.190080;84;99;1
GrowK;24;141;24;ReferenceCM;0.187275;85;98;1
GrowK;24;142;24;ReferenceCM;0.184508;86;97;1
GrowK;24;143;24;ReferenceCM;0.185807;86;97;1
GrowK;24;144;24;ReferenceCM;0.191870;83;96;1
GrowK;24;145;24;ReferenceCM;0.186692;85;95;1
GrowK;24;146;24;ReferenceCM;0.185793;86;95;1
GrowK;24;147;24;ReferenceCM;0.185097;86;94;1
GrowK;24;148;24;ReferenceCM;0.191038;83;93;1
GrowK;24;149;24;ReferenceCM;0.187803;85;93;1
GrowK;24;150;24;ReferenceCM;0.187031;85;92;1
GrowK;24;151;24;ReferenceCM;0.186231;85;91;1
GrowK;24;152;24;ReferenceCM;0.191982;83;91;1
GrowK;24;153;24;ReferenceCM;0.188846;84;90;1
GrowK;24;154;24;ReferenceCM;0.187844;85;90;1
GrowK;24;155;24;ReferenceCM;0.184789;86;89;1
GrowK;24;156;24;ReferenceCM;0.192703;83;89;1
GrowK;24;157;24;ReferenceCM;0.189477;84;88;1
GrowK;24;158;24;ReferenceCM;0.186299;85;87;1
GrowK;24;159;24;ReferenceCM;0.185298;86;87;1
GrowK;24;160;24;ReferenceCM;0.193311;82;86;1
GrowK;24;161;24;ReferenceCM;0.187654;85;86;1
GrowK;24;162;24;ReferenceCM;0.188846;84;85;1
GrowK;24;163;24;ReferenceCM;0.185593;86;85;1
GrowK;24;164;24;ReferenceCM;0.191204;83;84;1
GrowK;24;165;24;ReferenceCM;0.190080;84;84;1
GrowK;24;166;24;ReferenceCM;0.186732;85;83;1
GrowK;24;167;24;ReferenceCM;0.187857;85;83;1
GrowK;24;168;24;ReferenceCM;0.191204;83;82;1
GrowK;24;169;24;ReferenceCM;0.190053;84;82;1
GrowK;24;170;24;ReferenceCM;0.186624;85;81;1
GrowK;24;171;24;ReferenceCM;0.187722;85;81;1
GrowK;24;172;24;ReferenceCM;0.190982;83;80;1
GrowK;24;173;24;ReferenceCM;0.189806;84;80;1
GrowK;24;174;24;ReferenceCM;0.188517;84;79;1
GrowK;24;175;24;ReferenceCM;0.187369;85;79;1
GrowK;24;176;24;ReferenceCM;0.192862;82;78;1
GrowK;24;177;24;ReferenceCM;0.189339;84;78;1
GrowK;24;178;24;ReferenceCM;0.188169;85;78;1
GrowK;24;179;24;ReferenceCM;0.189024;84;77;1
GrowK;24;180;24;ReferenceCM;0.192370;83;77;1
GrowK;24;181;24;ReferenceCM;0.188654;84;76;1
GrowK;24;182;24;ReferenceCM;0.187464;85;76;1
GrowK;24;183;24;ReferenceCM;0.188229;84;75;1
GrowK;24;184;24;ReferenceCM;0.191537;83;75;1
GrowK;24;185;24;ReferenceCM;0.190286;84;75;1
GrowK;24;186;24;ReferenceCM;0.188763;84;74;1
GrowK;24;187;24;ReferenceCM;0.187546;85;74;1
GrowK;24;188;24;ReferenceCM;0.192805;82;73;1
GrowK;24;189;24;ReferenceCM;0.191496;83;73;1
GrowK;24;190;24;ReferenceCM;0.190217;84;73;1
GrowK;24;191;24;ReferenceCM;0.188599;84;72;1
GrowK;24;192;24;ReferenceCM;0.191870;83;72;1
GrowK;24;193;24;ReferenceCM;0.190191;83;71;1
GrowK;24;194;24;ReferenceCM;0.188901;84;71;1
GrowK;24;195;24;ReferenceCM;0.189874;84;71;1
GrowK;24;196;24;ReferenceCM;0.192749;82;70;1
GrowK;24;197;24;ReferenceCM;0.189120;84;70;1
GrowK;24;198;24;ReferenceCM;0.190080;84;70;1
GrowK;24;199;24;ReferenceCM;0.190580;83;69;1
GrowK;24;200;24;ReferenceCM;0.193873;82;69;1
GrowK;24;201;24;ReferenceCM;0.192495;83;69;1
GrowK;24;202;24;ReferenceCM;0.188379;84;68;1
GrowK;24;203;24;ReferenceCM;0.189312;84;68;1
GrowK;24;204;24;ReferenceCM;0.192537;83;68;1
GrowK;24;205;24;ReferenceCM;0.190635;83;67;1
GrowK;24;206;24;ReferenceCM;0.191565;83;67;1
GrowK;24;207;24;ReferenceCM;0.187966;85;67;1
GrowK;24;208;24;ReferenceCM;0.192862;82;66;1
GrowK;24;209;24;ReferenceCM;0.191454;83;66;1
GrowK;24;210;24;ReferenceCM;0.190080;84;66;1
GrowK;24;211;24;ReferenceCM;0.190358;83;65;1
GrowK;24;212;24;ReferenceCM;0.193592;82;65;1
GrowK;24;213;24;ReferenceCM;0.189874;84;65;1
GrowK;24;214;24;ReferenceCM;0.190094;83;64;1
GrowK;24;215;24;ReferenceCM;0.190982;83;64;1
GrowK;24;216;24;ReferenceCM;0.194210;82;64;1
GrowK;24;217;24;ReferenceCM;0.190464;84;64;1
GrowK;24;218;24;ReferenceCM;0.190621;83;63;1
GrowK;24;219;24;ReferenceCM;0.189216;84;63;1
GrowK;24;220;24;ReferenceCM;0.194716;82;63;1
GrowK;24;221;24;ReferenceCM;0.192496;82;62;1
GrowK;24;222;24;ReferenceCM;0.191038;83;62;1
GrowK;24;223;24;ReferenceCM;0.189614;84;62;1
GrowK;24;224;24;ReferenceCM;0.192759;83;62;1
GrowK;24;225;24;ReferenceCM;0.190496;83;61;1
GrowK;24;226;24;ReferenceCM;0.191343;83;61;1
GrowK;24;227;24;ReferenceCM;0.189902;84;61;1
GrowK;24;228;24;ReferenceCM;0.192187;82;60;1
GrowK;24;229;24;ReferenceCM;0.193030;82;60;1
GrowK;24;230;24;ReferenceCM;0.191537;83;60;1
GrowK;24;231;24;ReferenceCM;0.190080;84;60;1
GrowK;24;232;24;ReferenceCM;0.192300;82;59;1
GrowK;24;233;24;ReferenceCM;0.190802;83;59;1
GrowK;24;234;24;ReferenceCM;0.189339;84;59;1
GrowK;24;235;24;ReferenceCM;0.190149;84;59;1
GrowK;24;236;24;ReferenceCM;0.194674;81;58;1
GrowK;24;237;24;ReferenceCM;0.193115;82;58;1
GrowK;24;238;24;ReferenceCM;0.189312;84;58;1
GrowK;24;239;24;ReferenceCM;0.190107;84;58;1
GrowK;24;2;24;TillJIT-04.06.;0.785468;2037;694444;1
GrowK;24;3;24;TillJIT-04.06.;0.946744;1690;462962;1
GrowK;24;4;24;TillJIT-04.06.;1.012658;1580;347222;1
GrowK;24;5;24;TillJIT-04.06.;1.092893;1464;277777;1
GrowK;24;6;24;TillJIT-04.06.;1.154399;1386;231481;1
GrowK;24;7;24;TillJIT-04.06.;1.203003;1330;198412;1
GrowK;24;8;24;TillJIT-04.06.;1.231716;1299;173611;1
GrowK;24;9;24;TillJIT-04.06.;1.264814;1265;154320;1
GrowK;24;10;24;TillJIT-04.06.;1.292399;1238;138888;1
GrowK;24;11;24;TillJIT-04.06.;1.314702;1217;126262;1
GrowK;24;12;24;TillJIT-04.06.;1.333325;1200;115740;1
GrowK;24;13;24;TillJIT-04.06.;1.342274;1192;106837;1
GrowK;24;14;24;TillJIT-04.06.;1.359383;1177;99206;1
GrowK;24;15;24;TillJIT-04.06.;1.372204;1166;92592;1
GrowK;24;16;24;TillJIT-04.06.;1.384074;1156;86805;1
GrowK;24;17;24;TillJIT-04.06.;1.403503;1140;81699;1
GrowK;24;18;24;TillJIT-04.06.;1.405966;1138;77160;1
GrowK;24;19;24;TillJIT-04.06.;1.414669;1131;73099;1
GrowK;24;20;24;TillJIT-04.06.;1.423478;1124;69444;1
GrowK;24;21;24;TillJIT-04.06.;1.431115;1118;66137;1
GrowK;24;22;24;TillJIT-04.06.;1.442734;1109;63131;1
GrowK;24;23;24;TillJIT-04.06.;1.444032;1108;60386;1
GrowK;24;24;24;TillJIT-04.06.;1.451896;1102;57870;1
GrowK;24;25;24;TillJIT-04.06.;1.455854;1099;55555;1
GrowK;24;26;24;TillJIT-04.06.;1.461165;1095;53418;1
GrowK;24;27;24;TillJIT-04.06.;1.470579;1088;51440;1
GrowK;24;28;24;TillJIT-04.06.;1.470583;1088;49603;1
GrowK;24;29;24;TillJIT-04.06.;1.475993;1084;47892;1
GrowK;24;30;24;TillJIT-04.06.;1.477368;1083;46296;1
GrowK;24;31;24;TillJIT-04.06.;1.482826;1079;44802;1
GrowK;24;32;24;TillJIT-04.06.;1.489731;1074;43402;1
GrowK;24;33;24;TillJIT-04.06.;1.489739;1074;42087;1
GrowK;24;34;24;TillJIT-04.06.;1.492513;1072;40849;1
GrowK;24;35;24;TillJIT-04.06.;1.495307;1070;39682;1
GrowK;24;36;24;TillJIT-04.06.;1.499522;1067;38580;1
GrowK;24;37;24;TillJIT-04.06.;1.505153;1063;37537;1
GrowK;24;38;24;TillJIT-04.06.;1.502318;1065;36549;1
GrowK;24;39;24;TillJIT-04.06.;1.506569;1062;35612;1
GrowK;24;40;24;TillJIT-04.06.;1.508002;1061;34722;1
GrowK;24;41;24;TillJIT-04.06.;1.510844;1059;33875;1
GrowK;24;42;24;TillJIT-04.06.;1.516552;1055;33068;1
GrowK;24;43;24;TillJIT-04.06.;1.515117;1056;32299;1
GrowK;24;44;24;TillJIT-04.06.;1.517995;1054;31565;1
GrowK;24;45;24;TillJIT-04.06.;1.518017;1054;30864;1
GrowK;24;46;24;TillJIT-04.06.;1.519456;1053;30193;1
GrowK;24;47;24;TillJIT-04.06.;1.525219;1049;29550;1
GrowK;24;48;24;TillJIT-04.06.;1.523800;1050;28935;1
GrowK;24;49;24;TillJIT-04.06.;1.526681;1048;28344;1
GrowK;24;50;24;TillJIT-04.06.;1.526675;1048;27777;1
GrowK;24;51;24;TillJIT-04.06.;1.528169;1047;27233;1
GrowK;24;52;24;TillJIT-04.06.;1.532544;1044;26709;1
GrowK;24;53;24;TillJIT-04.06.;1.531074;1045;26205;1
GrowK;24;54;24;TillJIT-04.06.;1.531091;1045;25720;1
GrowK;24;55;24;TillJIT-04.06.;1.534005;1043;25252;1
GrowK;24;56;24;TillJIT-04.06.;1.535472;1042;24801;1
GrowK;24;57;24;TillJIT-04.06.;1.538432;1040;24366;1
GrowK;24;58;24;TillJIT-04.06.;1.538438;1040;23946;1
GrowK;24;59;24;TillJIT-04.06.;1.538430;1040;23540;1
GrowK;24;60;24;TillJIT-04.06.;1.539932;1039;23148;1
GrowK;24;61;24;TillJIT-04.06.;1.539897;1039;22768;1
GrowK;24;62;24;TillJIT-04.06.;1.542882;1037;22401;1
GrowK;24;63;24;TillJIT-04.06.;1.542852;1037;22045;1
GrowK;24;64;24;TillJIT-04.06.;1.544374;1036;21701;1
GrowK;24;65;24;TillJIT-04.06.;1.544364;1036;21367;1
GrowK;24;66;24;TillJIT-04.06.;1.545837;1035;21043;1
GrowK;24;67;24;TillJIT-04.06.;1.547338;1034;20729;1
GrowK;24;68;24;TillJIT-04.06.;1.547325;1034;20424;1
GrowK;24;69;24;TillJIT-04.06.;1.548823;1033;20128;1
GrowK;24;70;24;TillJIT-04.06.;1.548866;1033;19841;1
GrowK;24;71;24;TillJIT-04.06.;1.548822;1033;19561;1
GrowK;24;72;24;TillJIT-04.06.;1.551881;1031;19290;1
GrowK;24;73;24;TillJIT-04.06.;1.550316;1032;19025;1
GrowK;24;74;24;TillJIT-04.06.;1.551828;1031;18768;1
GrowK;24;75;24;TillJIT-04.06.;1.553355;1030;18518;1
GrowK;24;76;24;TillJIT-04.06.;1.553326;1030;18274;1
GrowK;24;77;24;TillJIT-04.06.;1.553353;1030;18037;1
GrowK;24;78;24;TillJIT-04.06.;1.553375;1030;17806;1
GrowK;24;79;24;TillJIT-04.06.;1.554830;1029;17580;1
GrowK;24;80;24;TillJIT-04.06.;1.553388;1030;17361;1
GrowK;24;81;24;TillJIT-04.06.;1.556350;1028;17146;1
GrowK;24;82;24;TillJIT-04.06.;1.559393;1026;16937;1
GrowK;24;83;24;TillJIT-04.06.;1.556364;1028;16733;1
GrowK;24;84;24;TillJIT-04.06.;1.557899;1027;16534;1
GrowK;24;85;24;TillJIT-04.06.;1.557853;1027;16339;1
GrowK;24;86;24;TillJIT-04.06.;1.557852;1027;16149;1
GrowK;24;87;24;TillJIT-04.06.;1.562476;1024;15964;1
GrowK;24;88;24;TillJIT-04.06.;1.559372;1026;15782;1
GrowK;24;89;24;TillJIT-04.06.;1.559405;1026;15605;1
GrowK;24;90;24;TillJIT-04.06.;1.562490;1024;15432;1
GrowK;24;91;24;TillJIT-04.06.;1.560923;1025;15262;1
GrowK;24;92;24;TillJIT-04.06.;1.562436;1024;15096;1
GrowK;24;93;24;TillJIT-04.06.;1.563997;1023;14934;1
GrowK;24;94;24;TillJIT-04.06.;1.560932;1025;14775;1
GrowK;24;95;24;TillJIT-04.06.;1.563933;1023;14619;1
GrowK;24;96;24;TillJIT-04.06.;1.563963;1023;14467;1
GrowK;24;97;24;TillJIT-04.06.;1.563979;1023;14318;1
GrowK;24;98;24;TillJIT-04.06.;1.565521;1022;14172;1
GrowK;24;99;24;TillJIT-04.06.;1.564007;1023;14029;1
GrowK;24;100;24;TillJIT-04.06.;1.565458;1022;13888;1
GrowK;24;101;24;TillJIT-04.06.;1.565515;1022;13751;1
GrowK;24;102;24;TillJIT-04.06.;1.568563;1020;13616;1
GrowK;24;103;24;TillJIT-04.06.;1.565516;1022;13484;1
GrowK;24;104;24;TillJIT-04.06.;1.567009;1021;13354;1
GrowK;24;105;24;TillJIT-04.06.;1.567030;1021;13227;1
GrowK;24;106;24;TillJIT-04.06.;1.565471;1022;13102;1
GrowK;24;107;24;TillJIT-04.06.;1.570134;1019;12980;1
GrowK;24;108;24;TillJIT-04.06.;1.567081;1021;12860;1
GrowK;24;109;24;TillJIT-04.06.;1.568615;1020;12742;1
GrowK;24;110;24;TillJIT-04.06.;1.568595;1020;12626;1
GrowK;24;111;24;TillJIT-04.06.;1.568563;1020;12512;1
GrowK;24;112;24;TillJIT-04.06.;1.570066;1019;12400;1
GrowK;24;113;24;TillJIT-04.06.;1.570160;1019;12291;1
GrowK;24;114;24;TillJIT-04.06.;1.568597;1020;12183;1
GrowK;24;115;24;TillJIT-04.06.;1.570128;1019;12077;1
GrowK;24;116;24;TillJIT-04.06.;1.568604;1020;11973;1
GrowK;24;117;24;TillJIT-04.06.;1.571597;1018;11870;1
GrowK;24;118;24;TillJIT-04.06.;1.571677;1018;11770;1
GrowK;24;119;24;TillJIT-04.06.;1.570122;1019;11671;1
GrowK;24;120;24;TillJIT-04.06.;1.571699;1018;11574;1
GrowK;24;121;24;TillJIT-04.06.;1.571652;1018;11478;1
GrowK;24;122;24;TillJIT-04.06.;1.573208;1017;11384;1
GrowK;24;123;24;TillJIT-04.06.;1.571601;1018;11291;1
GrowK;24;124;24;TillJIT-04.06.;1.574702;1016;11200;1
GrowK;24;125;24;TillJIT-04.06.;1.573239;1017;11111;1
GrowK;24;126;24;TillJIT-04.06.;1.573122;1017;11022;1
GrowK;24;127;24;TillJIT-04.06.;1.573236;1017;10936;1
GrowK;24;128;24;TillJIT-04.06.;1.573154;1017;10850;1
GrowK;24;129;24;TillJIT-04.06.;1.574718;1016;10766;1
GrowK;24;130;24;TillJIT-04.06.;1.573143;1017;10683;1
GrowK;24;131;24;TillJIT-04.06.;1.574773;1016;10602;1
GrowK;24;132;24;TillJIT-04.06.;1.574671;1016;10521;1
GrowK;24;133;24;TillJIT-04.06.;1.573138;1017;10442;1
GrowK;24;134;24;TillJIT-04.06.;1.576227;1015;10364;1
GrowK;24;135;24;TillJIT-04.06.;1.574793;1016;10288;1
GrowK;24;136;24;TillJIT-04.06.;1.576290;1015;10212;1
GrowK;24;137;24;TillJIT-04.06.;1.576219;1015;10137;1
GrowK;24;138;24;TillJIT-04.06.;1.576290;1015;10064;1
GrowK;24;139;24;TillJIT-04.06.;1.577908;1014;9992;1
GrowK;24;140;24;TillJIT-04.06.;1.576254;1015;9920;1
GrowK;24;141;24;TillJIT-04.06.;1.576311;1015;9850;1
GrowK;24;142;24;TillJIT-04.06.;1.576208;1015;9780;1
GrowK;24;143;24;TillJIT-04.06.;1.576272;1015;9712;1
GrowK;24;144;24;TillJIT-04.06.;1.577899;1014;9645;1
GrowK;24;145;24;TillJIT-04.06.;1.576265;1015;9578;1
GrowK;24;146;24;TillJIT-04.06.;1.577754;1014;9512;1
GrowK;24;147;24;TillJIT-04.06.;1.577872;1014;9448;1
GrowK;24;148;24;TillJIT-04.06.;1.576290;1015;9384;1
GrowK;24;149;24;TillJIT-04.06.;1.579399;1013;9321;1
GrowK;24;150;24;TillJIT-04.06.;1.577865;1014;9259;1
GrowK;24;151;24;TillJIT-04.06.;1.577748;1014;9197;1
GrowK;24;152;24;TillJIT-04.06.;1.580954;1012;9137;1
GrowK;24;153;24;TillJIT-04.06.;1.579344;1013;9077;1
GrowK;24;154;24;TillJIT-04.06.;1.579334;1013;9018;1
GrowK;24;155;24;TillJIT-04.06.;1.579366;1013;8960;1
GrowK;24;156;24;TillJIT-04.06.;1.579443;1013;8903;1
GrowK;24;157;24;TillJIT-04.06.;1.579391;1013;8846;1
GrowK;24;158;24;TillJIT-04.06.;1.580949;1012;8790;1
GrowK;24;159;24;TillJIT-04.06.;1.579440;1013;8735;1
GrowK;24;160;24;TillJIT-04.06.;1.579366;1013;8680;1
GrowK;24;161;24;TillJIT-04.06.;1.579350;1013;8626;1
GrowK;24;162;24;TillJIT-04.06.;1.580956;1012;8573;1
GrowK;24;163;24;TillJIT-04.06.;1.579320;1013;8520;1
GrowK;24;164;24;TillJIT-04.06.;1.579311;1013;8468;1
GrowK;24;165;24;TillJIT-04.06.;1.579372;1013;8417;1
GrowK;24;166;24;TillJIT-04.06.;1.579316;1013;8366;1
GrowK;24;167;24;TillJIT-04.06.;1.582458;1011;8316;1
GrowK;24;168;24;TillJIT-04.06.;1.580990;1012;8267;1
GrowK;24;169;24;TillJIT-04.06.;1.580974;1012;8218;1
GrowK;24;170;24;TillJIT-04.06.;1.582410;1011;8169;1
GrowK;24;171;24;TillJIT-04.06.;1.580997;1012;8122;1
GrowK;24;172;24;TillJIT-04.06.;1.580845;1012;8074;1
GrowK;24;173;24;TillJIT-04.06.;1.582540;1011;8028;1
GrowK;24;174;24;TillJIT-04.06.;1.581004;1012;7982;1
GrowK;24;175;24;TillJIT-04.06.;1.580927;1012;7936;1
GrowK;24;176;24;TillJIT-04.06.;1.584075;1010;7891;1
GrowK;24;177;24;TillJIT-04.06.;1.582424;1011;7846;1
GrowK;24;178;24;TillJIT-04.06.;1.582440;1011;7802;1
GrowK;24;179;24;TillJIT-04.06.;1.584127;1010;7759;1
GrowK;24;180;24;TillJIT-04.06.;1.582581;1011;7716;1
GrowK;24;181;24;TillJIT-04.06.;1.582505;1011;7673;1
GrowK;24;182;24;TillJIT-04.06.;1.584105;1010;7631;1
GrowK;24;183;24;TillJIT-04.06.;1.584042;1010;7589;1
GrowK;24;184;24;TillJIT-04.06.;1.582527;1011;7548;1
GrowK;24;185;24;TillJIT-04.06.;1.582484;1011;7507;1
GrowK;24;186;24;TillJIT-04.06.;1.584128;1010;7467;1
GrowK;24;187;24;TillJIT-04.06.;1.582546;1011;7427;1
GrowK;24;188;24;TillJIT-04.06.;1.582440;1011;7387;1
GrowK;24;189;24;TillJIT-04.06.;1.584025;1010;7348;1
GrowK;24;190;24;TillJIT-04.06.;1.582388;1011;7309;1
GrowK;24;191;24;TillJIT-04.06.;1.582446;1011;7271;1
GrowK;24;192;24;TillJIT-04.06.;1.585554;1009;7233;1
GrowK;24;193;24;TillJIT-04.06.;1.584089;1010;7196;1
GrowK;24;194;24;TillJIT-04.06.;1.582543;1011;7159;1
GrowK;24;195;24;TillJIT-04.06.;1.584046;1010;7122;1
GrowK;24;196;24;TillJIT-04.06.;1.584121;1010;7086;1
GrowK;24;197;24;TillJIT-04.06.;1.584114;1010;7050;1
GrowK;24;198;24;TillJIT-04.06.;1.584025;1010;7014;1
GrowK;24;199;24;TillJIT-04.06.;1.584081;1010;6979;1
GrowK;24;200;24;TillJIT-04.06.;1.585627;1009;6944;1
GrowK;24;201;24;TillJIT-04.06.;1.583953;1010;6909;1
GrowK;24;202;24;TillJIT-04.06.;1.585570;1009;6875;1
GrowK;24;203;24;TillJIT-04.06.;1.585539;1009;6841;1
GrowK;24;204;24;TillJIT-04.06.;1.585664;1009;6808;1
GrowK;24;205;24;TillJIT-04.06.;1.585713;1009;6775;1
GrowK;24;206;24;TillJIT-04.06.;1.584116;1010;6742;1
GrowK;24;207;24;TillJIT-04.06.;1.584015;1010;6709;1
GrowK;24;208;24;TillJIT-04.06.;1.585645;1009;6677;1
GrowK;24;209;24;TillJIT-04.06.;1.584063;1010;6645;1
GrowK;24;210;24;TillJIT-04.06.;1.585547;1009;6613;1
GrowK;24;211;24;TillJIT-04.06.;1.585629;1009;6582;1
GrowK;24;212;24;TillJIT-04.06.;1.588790;1007;6551;1
GrowK;24;213;24;TillJIT-04.06.;1.585581;1009;6520;1
GrowK;24;214;24;TillJIT-04.06.;1.585696;1009;6490;1
GrowK;24;215;24;TillJIT-04.06.;1.585496;1009;6459;1
GrowK;24;216;24;TillJIT-04.06.;1.587291;1008;6430;1
GrowK;24;217;24;TillJIT-04.06.;1.587200;1008;6400;1
GrowK;24;218;24;TillJIT-04.06.;1.587289;1008;6371;1
GrowK;24;219;24;TillJIT-04.06.;1.585489;1009;6341;1
GrowK;24;220;24;TillJIT-04.06.;1.587269;1008;6313;1
GrowK;24;221;24;TillJIT-04.06.;1.587159;1008;6284;1
GrowK;24;222;24;TillJIT-04.06.;1.587237;1008;6256;1
GrowK;24;223;24;TillJIT-04.06.;1.585677;1009;6228;1
GrowK;24;224;24;TillJIT-04.06.;1.588776;1007;6200;1
GrowK;24;225;24;TillJIT-04.06.;1.585513;1009;6172;1
GrowK;24;226;24;TillJIT-04.06.;1.585593;1009;6145;1
GrowK;24;227;24;TillJIT-04.06.;1.588760;1007;6118;1
GrowK;24;228;24;TillJIT-04.06.;1.587141;1008;6091;1
GrowK;24;229;24;TillJIT-04.06.;1.587297;1008;6065;1
GrowK;24;230;24;TillJIT-04.06.;1.587131;1008;6038;1
GrowK;24;231;24;TillJIT-04.06.;1.587168;1008;6012;1
GrowK;24;232;24;TillJIT-04.06.;1.588721;1007;5986;1
GrowK;24;233;24;TillJIT-04.06.;1.587063;1008;5960;1
GrowK;24;234;24;TillJIT-04.06.;1.588765;1007;5935;1
GrowK;24;235;24;TillJIT-04.06.;1.587257;1008;5910;1
GrowK;24;236;24;TillJIT-04.06.;1.587269;1008;5885;1
GrowK;24;237;24;TillJIT-04.06.;1.590378;1006;5860;1
GrowK;24;238;24;TillJIT-04.06.;1.587120;1008;5835;1
GrowK;24;239;24;TillJIT-04.06.;1.587233;1008;5811;1
GrowK;24;2;24;Intrinsics;0.452360;3537;694444;1
GrowK;24;3;24;Intrinsics;0.570816;2803;462962;1
GrowK;24;4;24;Intrinsics;0.657624;2433;347222;1
GrowK;24;5;24;Intrinsics;0.723325;2212;277777;1
GrowK;24;6;24;Intrinsics;0.774067;2067;231481;1
GrowK;24;7;24;Intrinsics;0.815907;1961;198412;1
GrowK;24;8;24;Intrinsics;0.849707;1883;173611;1
GrowK;24;9;24;Intrinsics;0.879115;1820;154320;1
GrowK;24;10;24;Intrinsics;0.902929;1772;138888;1
GrowK;24;11;24;Intrinsics;0.923783;1732;126262;1
GrowK;24;12;24;Intrinsics;0.942279;1698;115740;1
GrowK;24;13;24;Intrinsics;0.958078;1670;106837;1
GrowK;24;14;24;Intrinsics;0.972050;1646;99206;1
GrowK;24;15;24;Intrinsics;0.984609;1625;92592;1
GrowK;24;16;24;Intrinsics;0.995638;1607;86805;1
GrowK;24;17;24;Intrinsics;1.006285;1590;81699;1
GrowK;24;18;24;Intrinsics;1.015222;1576;77160;1
GrowK;24;19;24;Intrinsics;1.024322;1562;73099;1
GrowK;24;20;24;Intrinsics;1.031586;1551;69444;1
GrowK;24;21;24;Intrinsics;1.038952;1540;66137;1
GrowK;24;22;24;Intrinsics;1.045063;1531;63131;1
GrowK;24;23;24;Intrinsics;1.051240;1522;60386;1
GrowK;24;24;24;Intrinsics;1.056796;1514;57870;1
GrowK;24;25;24;Intrinsics;1.061701;1507;55555;1
GrowK;24;26;24;Intrinsics;1.066651;1500;53418;1
GrowK;24;27;24;Intrinsics;1.070944;1494;51440;1
GrowK;24;28;24;Intrinsics;1.075265;1488;49603;1
GrowK;24;29;24;Intrinsics;1.078878;1483;47892;1
GrowK;24;30;24;Intrinsics;1.083270;1477;46296;1
GrowK;24;31;24;Intrinsics;1.086935;1472;44802;1
GrowK;24;32;24;Intrinsics;1.089899;1468;43402;1
GrowK;24;33;24;Intrinsics;1.093629;1463;42087;1
GrowK;24;34;24;Intrinsics;1.095872;1460;40849;1
GrowK;24;35;24;Intrinsics;1.098132;1457;39682;1
GrowK;24;36;24;Intrinsics;1.101163;1453;38580;1
GrowK;24;37;24;Intrinsics;1.104194;1449;37537;1
GrowK;24;38;24;Intrinsics;1.106479;1446;36549;1
GrowK;24;39;24;Intrinsics;1.108017;1444;35612;1
GrowK;24;40;24;Intrinsics;1.110333;1441;34722;1
GrowK;24;41;24;Intrinsics;1.113420;1437;33875;1
GrowK;24;42;24;Intrinsics;1.114956;1435;33068;1
GrowK;24;43;24;Intrinsics;1.116513;1433;32299;1
GrowK;24;44;24;Intrinsics;1.118076;1431;31565;1
GrowK;24;45;24;Intrinsics;1.120441;1428;30864;1
GrowK;24;46;24;Intrinsics;1.122011;1426;30193;1
GrowK;24;47;24;Intrinsics;1.122776;1425;29550;1
GrowK;24;48;24;Intrinsics;1.125169;1422;28935;1
GrowK;24;49;24;Intrinsics;1.126734;1420;28344;1
GrowK;24;50;24;Intrinsics;1.128318;1418;27777;1
GrowK;24;51;24;Intrinsics;1.129939;1416;27233;1
GrowK;24;52;24;Intrinsics;1.130725;1415;26709;1
GrowK;24;53;24;Intrinsics;1.132323;1413;26205;1
GrowK;24;54;24;Intrinsics;1.133137;1412;25720;1
GrowK;24;55;24;Intrinsics;1.133924;1411;25252;1
GrowK;24;56;24;Intrinsics;1.135530;1409;24801;1
GrowK;24;57;24;Intrinsics;1.136342;1408;24366;1
GrowK;24;58;24;Intrinsics;1.137154;1407;23946;1
GrowK;24;59;24;Intrinsics;1.138766;1405;23540;1
GrowK;24;60;24;Intrinsics;1.140406;1403;23148;1
GrowK;24;61;24;Intrinsics;1.140380;1403;22768;1
GrowK;24;62;24;Intrinsics;1.141205;1402;22401;1
GrowK;24;63;24;Intrinsics;1.142813;1400;22045;1
GrowK;24;64;24;Intrinsics;1.143654;1399;21701;1
GrowK;24;65;24;Intrinsics;1.144464;1398;21367;1
GrowK;24;66;24;Intrinsics;1.145269;1397;21043;1
GrowK;24;67;24;Intrinsics;1.146094;1396;20729;1
GrowK;24;68;24;Intrinsics;1.146906;1395;20424;1
GrowK;24;69;24;Intrinsics;1.147729;1394;20128;1
GrowK;24;70;24;Intrinsics;1.147761;1394;19841;1
GrowK;24;71;24;Intrinsics;1.148552;1393;19561;1
GrowK;24;72;24;Intrinsics;1.149418;1392;19290;1
GrowK;24;73;24;Intrinsics;1.150199;1391;19025;1
GrowK;24;74;24;Intrinsics;1.151032;1390;18768;1
GrowK;24;75;24;Intrinsics;1.152705;1388;18518;1
GrowK;24;76;24;Intrinsics;1.152684;1388;18274;1
GrowK;24;77;24;Intrinsics;1.153536;1387;18037;1
GrowK;24;78;24;Intrinsics;1.153552;1387;17806;1
GrowK;24;79;24;Intrinsics;1.154344;1386;17580;1
GrowK;24;80;24;Intrinsics;1.155227;1385;17361;1
GrowK;24;81;24;Intrinsics;1.155182;1385;17146;1
GrowK;24;82;24;Intrinsics;1.156024;1384;16937;1
GrowK;24;83;24;Intrinsics;1.156864;1383;16733;1
GrowK;24;84;24;Intrinsics;1.157715;1382;16534;1
GrowK;24;85;24;Intrinsics;1.157681;1382;16339;1
GrowK;24;86;24;Intrinsics;1.158518;1381;16149;1
GrowK;24;87;24;Intrinsics;1.159403;1380;15964;1
GrowK;24;88;24;Intrinsics;1.159359;1380;15782;1
GrowK;24;89;24;Intrinsics;1.159384;1380;15605;1
GrowK;24;90;24;Intrinsics;1.161096;1378;15432;1
GrowK;24;91;24;Intrinsics;1.160222;1379;15262;1
GrowK;24;92;24;Intrinsics;1.161899;1377;15096;1
GrowK;24;93;24;Intrinsics;1.161081;1378;14934;1
GrowK;24;94;24;Intrinsics;1.161914;1377;14775;1
GrowK;24;95;24;Intrinsics;1.162720;1376;14619;1
GrowK;24;96;24;Intrinsics;1.162743;1376;14467;1
GrowK;24;97;24;Intrinsics;1.163600;1375;14318;1
GrowK;24;98;24;Intrinsics;1.163609;1375;14172;1
GrowK;24;99;24;Intrinsics;1.163621;1375;14029;1
GrowK;24;100;24;Intrinsics;1.164409;1374;13888;1
GrowK;24;101;24;Intrinsics;1.165300;1373;13751;1
GrowK;24;102;24;Intrinsics;1.165284;1373;13616;1
GrowK;24;103;24;Intrinsics;1.165300;1373;13484;1
GrowK;24;104;24;Intrinsics;1.165270;1373;13354;1
GrowK;24;105;24;Intrinsics;1.166136;1372;13227;1
GrowK;24;106;24;Intrinsics;1.166967;1371;13102;1
GrowK;24;107;24;Intrinsics;1.167007;1371;12980;1
GrowK;24;108;24;Intrinsics;1.167024;1371;12860;1
GrowK;24;109;24;Intrinsics;1.167874;1370;12742;1
GrowK;24;110;24;Intrinsics;1.167859;1370;12626;1
GrowK;24;111;24;Intrinsics;1.167835;1370;12512;1
GrowK;24;112;24;Intrinsics;1.168662;1369;12400;1
GrowK;24;113;24;Intrinsics;1.168731;1369;12291;1
GrowK;24;114;24;Intrinsics;1.168714;1369;12183;1
GrowK;24;115;24;Intrinsics;1.169562;1368;12077;1
GrowK;24;116;24;Intrinsics;1.169573;1368;11973;1
GrowK;24;117;24;Intrinsics;1.170363;1367;11870;1
GrowK;24;118;24;Intrinsics;1.169566;1368;11770;1
GrowK;24;119;24;Intrinsics;1.170413;1367;11671;1
GrowK;24;120;24;Intrinsics;1.170439;1367;11574;1
GrowK;24;121;24;Intrinsics;1.171260;1366;11478;1
GrowK;24;122;24;Intrinsics;1.170412;1367;11384;1
GrowK;24;123;24;Intrinsics;1.171222;1366;11291;1
GrowK;24;124;24;Intrinsics;1.172086;1365;11200;1
GrowK;24;125;24;Intrinsics;1.171291;1366;11111;1
GrowK;24;126;24;Intrinsics;1.172063;1365;11022;1
GrowK;24;127;24;Intrinsics;1.172147;1365;10936;1
GrowK;24;128;24;Intrinsics;1.172945;1364;10850;1
GrowK;24;129;24;Intrinsics;1.172098;1365;10766;1
GrowK;24;130;24;Intrinsics;1.172937;1364;10683;1
GrowK;24;131;24;Intrinsics;1.172998;1364;10602;1
GrowK;24;132;24;Intrinsics;1.173782;1363;10521;1
GrowK;24;133;24;Intrinsics;1.172934;1364;10442;1
GrowK;24;134;24;Intrinsics;1.173786;1363;10364;1
GrowK;24;135;24;Intrinsics;1.173874;1363;10288;1
GrowK;24;136;24;Intrinsics;1.173833;1363;10212;1
GrowK;24;137;24;Intrinsics;1.174642;1362;10137;1
GrowK;24;138;24;Intrinsics;1.174695;1362;10064;1
GrowK;24;139;24;Intrinsics;1.175605;1361;9992;1
GrowK;24;140;24;Intrinsics;1.175531;1361;9920;1
GrowK;24;141;24;Intrinsics;1.174710;1362;9850;1
GrowK;24;142;24;Intrinsics;1.175497;1361;9780;1
GrowK;24;143;24;Intrinsics;1.175545;1361;9712;1
GrowK;24;144;24;Intrinsics;1.175599;1361;9645;1
GrowK;24;145;24;Intrinsics;1.175539;1361;9578;1
GrowK;24;146;24;Intrinsics;1.176355;1360;9512;1
GrowK;24;147;24;Intrinsics;1.176443;1360;9448;1
GrowK;24;148;24;Intrinsics;1.176422;1360;9384;1
GrowK;24;149;24;Intrinsics;1.176420;1360;9321;1
GrowK;24;150;24;Intrinsics;1.176438;1360;9259;1
GrowK;24;151;24;Intrinsics;1.177216;1359;9197;1
GrowK;24;152;24;Intrinsics;1.177281;1359;9137;1
GrowK;24;153;24;Intrinsics;1.177245;1359;9077;1
GrowK;24;154;24;Intrinsics;1.177237;1359;9018;1
GrowK;24;155;24;Intrinsics;1.177261;1359;8960;1
GrowK;24;156;24;Intrinsics;1.177319;1359;8903;1
GrowK;24;157;24;Intrinsics;1.178146;1358;8846;1
GrowK;24;158;24;Intrinsics;1.178145;1358;8790;1
GrowK;24;159;24;Intrinsics;1.178183;1358;8735;1
GrowK;24;160;24;Intrinsics;1.178996;1357;8680;1
GrowK;24;161;24;Intrinsics;1.178984;1357;8626;1
GrowK;24;162;24;Intrinsics;1.179018;1357;8573;1
GrowK;24;163;24;Intrinsics;1.178094;1358;8520;1
GrowK;24;164;24;Intrinsics;1.178955;1357;8468;1
GrowK;24;165;24;Intrinsics;1.179000;1357;8417;1
GrowK;24;166;24;Intrinsics;1.179828;1356;8366;1
GrowK;24;167;24;Intrinsics;1.179842;1356;8316;1
GrowK;24;168;24;Intrinsics;1.179913;1356;8267;1
GrowK;24;169;24;Intrinsics;1.179901;1356;8218;1
GrowK;24;170;24;Intrinsics;1.178937;1357;8169;1
GrowK;24;171;24;Intrinsics;1.179918;1356;8122;1
GrowK;24;172;24;Intrinsics;1.180675;1355;8074;1
GrowK;24;173;24;Intrinsics;1.179903;1356;8028;1
GrowK;24;174;24;Intrinsics;1.179923;1356;7982;1
GrowK;24;175;24;Intrinsics;1.179866;1356;7936;1
GrowK;24;176;24;Intrinsics;1.179879;1356;7891;1
GrowK;24;177;24;Intrinsics;1.180687;1355;7846;1
GrowK;24;178;24;Intrinsics;1.180699;1355;7802;1
GrowK;24;179;24;Intrinsics;1.180788;1355;7759;1
GrowK;24;180;24;Intrinsics;1.180804;1355;7716;1
GrowK;24;181;24;Intrinsics;1.180747;1355;7673;1
GrowK;24;182;24;Intrinsics;1.180772;1355;7631;1
GrowK;24;183;24;Intrinsics;1.181597;1354;7589;1
GrowK;24;184;24;Intrinsics;1.180763;1355;7548;1
GrowK;24;185;24;Intrinsics;1.181604;1354;7507;1
GrowK;24;186;24;Intrinsics;1.181661;1354;7467;1
GrowK;24;187;24;Intrinsics;1.181650;1354;7427;1
GrowK;24;188;24;Intrinsics;1.181571;1354;7387;1
GrowK;24;189;24;Intrinsics;1.181584;1354;7348;1
GrowK;24;190;24;Intrinsics;1.181532;1354;7309;1
GrowK;24;191;24;Intrinsics;1.182448;1353;7271;1
GrowK;24;192;24;Intrinsics;1.182427;1353;7233;1
GrowK;24;193;24;Intrinsics;1.182505;1353;7196;1
GrowK;24;194;24;Intrinsics;1.182521;1353;7159;1
GrowK;24;195;24;Intrinsics;1.182473;1353;7122;1
GrowK;24;196;24;Intrinsics;1.183404;1352;7086;1
GrowK;24;197;24;Intrinsics;1.183399;1352;7050;1
GrowK;24;198;24;Intrinsics;1.182458;1353;7014;1
GrowK;24;199;24;Intrinsics;1.183374;1352;6979;1
GrowK;24;200;24;Intrinsics;1.183356;1352;6944;1
GrowK;24;201;24;Intrinsics;1.183279;1352;6909;1
GrowK;24;202;24;Intrinsics;1.183314;1352;6875;1
GrowK;24;203;24;Intrinsics;1.183291;1352;6841;1
GrowK;24;204;24;Intrinsics;1.183383;1352;6808;1
GrowK;24;205;24;Intrinsics;1.183420;1352;6775;1
GrowK;24;206;24;Intrinsics;1.184277;1351;6742;1
GrowK;24;207;24;Intrinsics;1.183325;1352;6709;1
GrowK;24;208;24;Intrinsics;1.183370;1352;6677;1
GrowK;24;209;24;Intrinsics;1.183360;1352;6645;1
GrowK;24;210;24;Intrinsics;1.184172;1351;6613;1
GrowK;24;211;24;Intrinsics;1.184234;1351;6582;1
GrowK;24;212;24;Intrinsics;1.184242;1351;6551;1
GrowK;24;213;24;Intrinsics;1.184198;1351;6520;1
GrowK;24;214;24;Intrinsics;1.184283;1351;6490;1
GrowK;24;215;24;Intrinsics;1.184134;1351;6459;1
GrowK;24;216;24;Intrinsics;1.184300;1351;6430;1
GrowK;24;217;24;Intrinsics;1.185109;1350;6400;1
GrowK;24;218;24;Intrinsics;1.184299;1351;6371;1
GrowK;24;219;24;Intrinsics;1.185006;1350;6341;1
GrowK;24;220;24;Intrinsics;1.185161;1350;6313;1
GrowK;24;221;24;Intrinsics;1.185079;1350;6284;1
GrowK;24;222;24;Intrinsics;1.185137;1350;6256;1
GrowK;24;223;24;Intrinsics;1.185147;1350;6228;1
GrowK;24;224;24;Intrinsics;1.185988;1349;6200;1
GrowK;24;225;24;Intrinsics;1.185024;1350;6172;1
GrowK;24;226;24;Intrinsics;1.185084;1350;6145;1
GrowK;24;227;24;Intrinsics;1.185097;1350;6118;1
GrowK;24;228;24;Intrinsics;1.185943;1349;6091;1
GrowK;24;229;24;Intrinsics;1.185182;1350;6065;1
GrowK;24;230;24;Intrinsics;1.185937;1349;6038;1
GrowK;24;231;24;Intrinsics;1.185964;1349;6012;1
GrowK;24;232;24;Intrinsics;1.185947;1349;5986;1
GrowK;24;233;24;Intrinsics;1.185885;1349;5960;1
GrowK;24;234;24;Intrinsics;1.185979;1349;5935;1
GrowK;24;235;24;Intrinsics;1.186910;1348;5910;1
GrowK;24;236;24;Intrinsics;1.186919;1348;5885;1
GrowK;24;237;24;Intrinsics;1.186005;1349;5860;1
GrowK;24;238;24;Intrinsics;1.186808;1348;5835;1
GrowK;24;239;24;Intrinsics;1.186892;1348;5811;1